page,title,header,body1
chat,UXResearch,Chat with an AI agent,
consent,UXResearch,Example Consent Information,"<p>
  This page shows where your study's consent language appears in the baseline UXResearch
  template. For a real deployment, replace this example text in
  <code>experiment_desc.csv</code> with your approved consent summary and any
  study-specific details.
</p>
<p>
  The consent questions and submit button below come from the page template. If you
  want to change their wording or layout, edit the consent page in the application
  code.
</p>
"
pre_questionnaire,UXResearch,Please read the following instructions,
post_questionnaire,UXResearch,Thank you for participating,
session_ended,UXResearch,Thank You for participating in the study.<br/>,
error,UXResearch,We are sorry - an error has occurred. Please close your browser and try again,
welcome_code,UXResearch,Welcome to UXResearch,Please enter your access code
user_preferences,UXResearch,Welcome to the ChatLab experiment website,On the next page you will be asked to engage with an AI agent. Please personalize your preferences:
